date,topic_id,topic_label,retrieved,kept_here,moved_out,discarded,unclassified,displayed,vetted,redteam_status
2026-09-25,flagship-ru-ua,Russia / Ukraine,25,17,4,4,0,23,1,ok
2026-09-25,flagship-ir-il,Iran / Israel / Middle East,25,7,0,18,0,26,1,ok
2026-09-25,T15,Disaster / Access Denial,4,2,0,2,0,4,1,ok
2026-09-25,T01,Military Conflict,10,5,2,3,0,14,1,ok
2026-09-25,T02,Humanitarian Crisis,25,8,6,11,0,9,1,ok
2026-09-25,T03,Bio/Chemical Attack,18,0,4,14,0,0,1,ok
2026-09-25,T04,Infectious Outbreak / Pandemic,12,4,1,7,0,5,1,ok
2026-09-25,T05,Political Instability / Coup Risk,25,5,6,14,0,9,1,ok
2026-09-25,T06,Mass Uprising / Regime-Threatening Unrest,2,0,2,0,0,1,1,ok
2026-09-25,T07,Nuclear Weaponry / Attack,25,3,14,8,0,3,1,ok
2026-09-25,T09,American Hostage / Kidnapping,3,2,0,1,0,2,1,ok
2026-09-25,T10,Military Modernization,25,11,4,10,0,17,1,ok
2026-09-25,T11,Military Exercise,1,1,0,0,0,1,1,ok
2026-09-25,T12,Large-Scale Cyber Attack / Internet Blackout,25,17,0,8,0,19,1,ok
2026-09-25,T13,Migration / Refugee Crisis,25,5,11,9,0,7,1,ok
2026-09-25,T14,Threats to US Embassies / Diplomats,17,1,4,12,0,1,1,ok
2026-09-26,flagship-ru-ua,Russia / Ukraine,25,17,3,5,0,22,1,ok
2026-09-26,flagship-ir-il,Iran / Israel / Middle East,25,11,4,10,0,29,1,ok
2026-09-26,flagship-ir-il-us-lens,Iran / Israel / Middle East — US Media Lens,3,,,,,3,0,not_run
2026-09-26,T15,Disaster / Access Denial,2,1,0,1,0,8,1,ok
2026-09-26,T01,Military Conflict,18,11,2,5,0,16,1,ok
2026-09-26,T02,Humanitarian Crisis,25,8,7,10,0,9,1,ok
2026-09-26,T03,Bio/Chemical Attack,18,2,1,15,0,2,1,ok
2026-09-26,T04,Infectious Outbreak / Pandemic,7,3,0,4,0,5,1,ok
2026-09-26,T05,Political Instability / Coup Risk,25,2,7,16,0,6,1,ok
2026-09-26,T06,Mass Uprising / Regime-Threatening Unrest,6,3,2,1,0,3,1,ok
2026-09-26,T07,Nuclear Weaponry / Attack,25,1,17,7,0,1,1,ok
2026-09-26,T09,American Hostage / Kidnapping,1,0,0,1,0,0,1,ok
2026-09-26,T10,Military Modernization,23,6,7,10,0,7,1,ok
2026-09-26,T11,Military Exercise,2,1,0,1,0,1,1,ok
2026-09-26,T12,Large-Scale Cyber Attack / Internet Blackout,25,15,3,7,0,19,1,ok
2026-09-26,T13,Migration / Refugee Crisis,20,10,4,6,0,12,1,ok
2026-09-26,T14,Threats to US Embassies / Diplomats,13,5,6,2,0,5,1,ok
2026-09-27,flagship-ru-ua,Russia / Ukraine,25,17,4,4,0,28,1,ok
2026-09-27,flagship-ru-ua-us-lens,Russia / Ukraine — US Media Lens,1,,,,,1,0,not_run
2026-09-27,flagship-ir-il,Iran / Israel / Middle East,25,19,1,5,0,36,1,ok
2026-09-27,T15,Disaster / Access Denial,3,1,0,2,0,1,1,ok
2026-09-27,T01,Military Conflict,25,6,14,5,0,11,1,ok
2026-09-27,T02,Humanitarian Crisis,25,6,5,14,0,7,1,ok
2026-09-27,T03,Bio/Chemical Attack,11,0,0,11,0,0,1,ok
2026-09-27,T04,Infectious Outbreak / Pandemic,9,9,0,0,0,10,1,ok
2026-09-27,T05,Political Instability / Coup Risk,25,3,4,18,0,10,1,ok
2026-09-27,T06,Mass Uprising / Regime-Threatening Unrest,7,3,0,4,0,3,1,ok
2026-09-27,T07,Nuclear Weaponry / Attack,25,1,19,5,0,1,1,ok
2026-09-27,T08,VEO / Regional Insecurity,1,1,0,0,0,7,1,ok
2026-09-27,T10,Military Modernization,16,3,2,11,0,3,1,ok
2026-09-27,T11,Military Exercise,3,2,1,0,0,3,1,ok
2026-09-27,T12,Large-Scale Cyber Attack / Internet Blackout,25,16,1,8,0,16,1,ok
2026-09-27,T13,Migration / Refugee Crisis,22,8,5,9,0,12,1,ok
2026-09-27,T14,Threats to US Embassies / Diplomats,22,0,16,6,0,0,1,ok
2026-09-28,flagship-ru-ua,Russia / Ukraine,25,18,2,5,0,24,1,ok
2026-09-28,flagship-ir-il,Iran / Israel / Middle East,25,14,5,6,0,41,1,ok
2026-09-28,flagship-ir-il-us-lens,Iran / Israel / Middle East — US Media Lens,1,,,,,1,0,not_run
2026-09-28,T15,Disaster / Access Denial,5,4,0,1,0,6,1,ok
2026-09-28,T01,Military Conflict,3,0,3,0,0,3,1,ok
2026-09-28,T02,Humanitarian Crisis,25,5,4,16,0,8,1,ok
2026-09-28,T03,Bio/Chemical Attack,4,2,1,1,0,2,1,ok
2026-09-28,T04,Infectious Outbreak / Pandemic,5,3,0,2,0,3,1,ok
2026-09-28,T05,Political Instability / Coup Risk,25,1,2,22,0,5,1,ok
2026-09-28,T07,Nuclear Weaponry / Attack,25,0,22,3,0,0,1,ok
2026-09-28,T08,VEO / Regional Insecurity,1,1,0,0,0,6,1,ok
2026-09-28,T09,American Hostage / Kidnapping,1,0,0,1,0,0,1,ok
2026-09-28,T10,Military Modernization,12,6,1,5,0,11,1,ok
2026-09-28,T11,Military Exercise,1,1,0,0,0,1,1,ok
2026-09-28,T12,Large-Scale Cyber Attack / Internet Blackout,20,15,0,5,0,15,1,ok
2026-09-28,T13,Migration / Refugee Crisis,19,4,8,7,0,7,1,ok
2026-09-28,T14,Threats to US Embassies / Diplomats,25,0,24,1,0,0,1,ok
